LC416,1,"""Dibner 4th Floor"""
LC417,1,"""Dibner 4th Floor"""
LC418,1,"""Dibner 4th Floor"""
LC419,1,"""Dibner 4th Floor"""
LC420,1,"""Dibner 4th Floor"""
LC421,1,"""Dibner 4th Floor"""
LC422,1,"""Dibner 4th Floor"""
LC423,1,"""Dibner 4th Floor"""
LC425,1,"""Dibner 4th Floor"""
LC426,1,"""Dibner 4th Floor"""
LC427,1,"""Dibner 4th Floor"""
LC428,1,"""Dibner 4th Floor"""
LC429,1,"""Dibner 4th Floor"""
LC430,1,"""Dibner 4th Floor"""
LC431,1,"""Dibner 4th Floor"""
LC435,1,"""Dibner 4th Floor"""
LC436,1,"""Dibner 4th Floor"""
LC437,1,"""Dibner 4th Floor"""
LC438,1,"""Dibner 4th Floor"""
LC439,1,"""Dibner 4th Floor"""
LC323,5,"""Dibner 3rd Floor"""
LC324,5,"""Dibner 3rd Floor"""
LC325,5,"""Dibner 3rd Floor"""
LC326,5,"""Dibner 3rd Floor"""
LC327,5,"""Dibner 3rd Floor"""
LC328,5,"""Dibner 3rd Floor"""
LC329,5,"""Dibner 3rd Floor"""
LC330,5,"""Dibner 3rd Floor"""
LC331,5,"""Dibner 3rd Floor"""
LC332,5,"""Dibner 3rd Floor"""
LC333,5,"""Dibner 3rd Floor"""
LC334,5,"""Dibner 3rd Floor"""
LC335,5,"""Dibner 3rd Floor"""
LC339,5,"""Dibner 3rd Floor"""
LC340,5,"""Dibner 3rd Floor"""
LC432,5,"""Dibner 4th Floor"""
LC434,5,"""Dibner 4th Floor"""
LC445,8,"""Dibner 4th Floor"""
LC445A,8,"""Dibner 4th Floor"""
LC445B,8,"""Dibner 4th Floor"""
LC445C,8,"""Dibner 4th Floor"""